user_id,user_name,user_email
1,Michael Martin,mary49@example.com
2,Stephanie Williams,wrobinson@example.org
3,Christine Williams,martincurry@example.com
4,Christopher Gilbert,johnsonlindsay@example.org
5,Marc Lynn,ricetyler@example.com
6,Sandra Zimmerman,harrisjerry@example.com
7,Karen Lee,howelljames@example.org
8,Kevin Gonzalez,kennedypatricia@example.com
9,Martin Robles,agarcia@example.net
10,Nicholas Smith,dianathomas@example.org
11,Victoria Baker,hsanders@example.net
12,Jorge Roberts,tstevens@example.net
13,Jared Perez,ricardoward@example.org
14,Justin Warren,ledeanna@example.net
15,Tiffany Dickerson,katherine48@example.org
16,Jerry Jones,polson@example.com
17,Brooke Ford,meltondonna@example.com
18,Kenneth Rice,lisamassey@example.com
19,Heather Mclaughlin,pjordan@example.com
20,Lisa Castillo,natalieharrington@example.org
21,Robert Rogers,ekaiser@example.com
22,Susan Hogan,johnstonmegan@example.net
23,Ronnie Smith,iandavenport@example.com
24,Tony Stewart,kthomas@example.org
25,Arthur Wu,hernandezkristen@example.com
26,Robert Anderson,davislisa@example.org
27,Audrey Levine,harmonchristina@example.org
28,Brian Gordon,ryanbaird@example.net
29,Amy Higgins,joshuawalton@example.org
30,Anne Lee,davidchang@example.com
31,Amanda Herman,shawn74@example.com
32,Jordan Beasley,sarahrussell@example.org
33,Jason Tran,ubrennan@example.com
34,Christopher Jackson,christopher18@example.net
35,Vernon Robinson,katherinerandall@example.org
36,Rhonda Jones,wigginsdwayne@example.org
37,Shannon Shepherd,cheyenne05@example.com
38,Deborah Morgan,janetrice@example.org
39,Rebecca Murray,stevenhernandez@example.net
40,Kathleen Clark,danny93@example.net
41,Bradley Williams,hgreen@example.org
42,Julia Turner,jessicahancock@example.com
43,Austin Campbell,gregory23@example.com
44,Brenda Bautista,justin68@example.com
45,Kristopher Cherry,zspencer@example.net
46,Virginia Stevenson,cookjohn@example.net
47,Zachary Gillespie,george82@example.org
48,Willie Davis,nicholsonchristopher@example.net
49,Matthew Cole,dgreen@example.org
50,Louis Washington,bsavage@example.org
51,Angela Morgan,andrew88@example.org
52,Lucas Wright,mgonzalez@example.net
53,Jeffrey Harmon,duane16@example.org
54,Carolyn Johnson,brownronald@example.com
55,Mary Evans MD,ghill@example.com
56,Jennifer Decker,wday@example.com
57,Dawn Lloyd,smithmary@example.net
58,George Woods,camposstacey@example.org
59,Cory Garcia,hunter47@example.com
60,Rachel Rogers,robert83@example.com
61,Heather Krueger,thill@example.net
62,Mr. Chase Gallegos DVM,nathanlane@example.org
63,Clifford Wagner,jesse40@example.org
64,Laura Wilson,collinsrachel@example.org
65,Tyler Taylor,kimberlynelson@example.net
66,Karen Hamilton,lisavalentine@example.com
67,Danielle Braun,cwilliams@example.com
68,John Murillo,harrisrobert@example.com
69,Ryan Irwin,qmack@example.com
70,Jerry Rodriguez,daniel94@example.org
71,Pamela Haynes,nbenitez@example.com
72,Nathan Edwards,christine44@example.com
73,Anthony Pope,virginia24@example.org
74,Tamara Lee,yconner@example.net
75,Tiffany Jones,rebeccaharper@example.org
76,Jessica Valdez,steven33@example.com
77,Mark Taylor,william72@example.org
78,Tyrone Adams,wendy40@example.com
79,Isabella Williams,allenbriggs@example.org
80,Latasha West,greenfrancis@example.com
81,Anthony Reynolds,kevin15@example.com
82,Veronica Smith,vpotts@example.net
83,Sherri Nunez,keith27@example.org
84,Dr. Jill Nguyen MD,reedkevin@example.net
85,Paul Aguilar,shannonrodriguez@example.net
86,Nicholas Mata,williamstaylor@example.org
87,Ryan Murray,jthomas@example.net
88,Kenneth Phillips,eric50@example.net
89,Sharon Sandoval,kmendez@example.net
90,Sarah Williams,pmorris@example.com
91,Ashley Shaw,lisablake@example.net
92,Rachael Martin,cmartin@example.org
93,Erin Ellis,crosbyricky@example.com
94,Jeffery Taylor,erinmcmahon@example.com
95,Alexandra Martin,fwarner@example.org
96,Nicholas Smith,jenkinsstephanie@example.com
97,Thomas Chang,chelseasharp@example.com
98,Kenneth Williams,mccormickkayla@example.net
99,Jennifer Fletcher,bbautista@example.com
100,Mark Jones,jeremy90@example.net
101,Renee Wiley,mariamartin@example.com
102,Carrie Wallace,michael95@example.net
103,Michael Hill,bscott@example.net
104,Nicole Charles,brianna26@example.org
105,Brandon Hernandez,christopher49@example.net
106,Diana Lloyd,clarkmorgan@example.net
107,Tyler Vargas,mitchelldaniel@example.org
108,Thomas Wilson,amyjefferson@example.org
109,Christopher Combs,marcus40@example.org
110,Melody Shields,ronald88@example.org
111,Charles Gibson,perezjoyce@example.net
112,Bradley Porter,carrtodd@example.com
113,John Moore,millercaitlin@example.com
114,Amanda Brooks,ktaylor@example.net
115,Hannah Martin,dixonjeanne@example.com
116,Adam Lin,samuel21@example.com
117,Brittany Duke,melissaharrison@example.com
118,Jeffery White,yhiggins@example.com
119,Jose Parker,hernandezwillie@example.net
120,Jennifer Turner,gnoble@example.com
121,Kelly Joseph,williamsmelanie@example.org
122,Samantha Stevens,ecasey@example.org
123,Yolanda Sanders,harrisondavid@example.com
124,Amy Armstrong,stephenpatterson@example.com
125,Jose Larsen,tammy42@example.net
126,Donna Brown,davidtoni@example.org
127,Mr. Sean Martinez Jr.,mitchell28@example.org
128,David Taylor,henrykelly@example.org
129,Kevin Keith,matthew99@example.com
130,Michelle Bradford,stephanie72@example.org
131,Randy Sanchez,jacksonjustin@example.net
132,Stephen Park,joseph25@example.com
133,Kevin Wang,kimberly12@example.org
134,Wendy Johnson,john83@example.com
135,Charles Meyer,bushsteven@example.org
136,Thomas Nicholson,donaldbates@example.net
137,Julie Ward,melissapaul@example.net
138,Joseph Garcia,sabrina84@example.com
139,Miguel Morales,owelch@example.net
140,Adam Lopez,kimberlyschmidt@example.org
141,Adam Hensley,laura06@example.net
142,Holly Hoffman,cobbjoy@example.net
143,Jill Carr,paulkeller@example.net
144,Jennifer Dennis,drivera@example.net
145,Jennifer Schneider,jennifer40@example.org
146,Lacey White,uphillips@example.com
147,Jennifer Lewis,patelbryan@example.net
148,Michelle King,zacharyreese@example.net
149,Kathleen Smith,smithjesus@example.com
150,Teresa Sanford,tinabaldwin@example.org
151,Heather Miller,annakline@example.org
152,Justin Rowe,agonzalez@example.org
153,Jeffrey White,elliottsarah@example.net
154,Melanie Haas,marcus58@example.net
155,David Owens,johnharmon@example.net
156,Kenneth Cooper,colleenkrause@example.org
157,Howard Valenzuela,eaguirre@example.org
158,Veronica Barber,sergio59@example.com
159,Rachel Burke,ygray@example.org
160,April Sanders,nsmith@example.net
161,Karen Moses,joneszachary@example.org
162,Shawn Shaw,poncesarah@example.org
163,Martha Carter,luispage@example.com
164,Shawn Foster,iayers@example.org
165,Michelle Stephenson,edwin06@example.org
166,Anthony Robles,qwest@example.com
167,Michael Brown,jmartin@example.net
168,Carla Johnson,ronald74@example.com
169,Sydney Cox,morganwalker@example.com
170,Marco Bennett,watsonjackie@example.com
171,Nicole Orr,riverajesus@example.net
172,Melissa Proctor,alijennifer@example.com
173,Brian Smith,loricain@example.net
174,Diana Hernandez,gnavarro@example.com
175,Anne Gutierrez,rebecca26@example.org
176,Elizabeth Thomas,dorothyjohnson@example.net
177,Matthew Gray,nancysmith@example.org
178,Roberto Parks,christopherwalker@example.net
179,Ryan Durham,fishersuzanne@example.org
180,Sean Williams,ewalker@example.net
181,Grant Williams,dannywood@example.com
182,Anna King,tdowns@example.org
183,Joshua Wood,gardnerjennifer@example.net
184,Gary Mooney,whiteashley@example.com
185,Anthony White,stephensoncarrie@example.net
186,Debra Morrison,rdavis@example.net
187,Daniel Rivera,smithnicholas@example.net
188,John Glass,johndominguez@example.org
189,Carl Ward,bowmancharles@example.com
190,Richard Mathews,leslieevans@example.com
191,Kari Matthews,clee@example.com
192,Margaret Perry,sandra49@example.org
193,Frank Benson,russelldonald@example.com
194,Bradley Lindsey,brownrobert@example.org
195,David Potts,michael27@example.org
196,Joseph Martin,twelch@example.com
197,Christopher Payne,christina86@example.org
198,Michael Norris,kgarcia@example.net
199,Maureen Hays,colleen81@example.com
200,Tom Williams,stephanievaldez@example.net
201,Sarah Cruz,rnguyen@example.net
202,Charles Torres,tammyjohnson@example.net
203,Robert Brown,walkerpreston@example.org
204,Brandon Juarez,dmartin@example.com
205,Jeremy Valencia,bross@example.org
206,Gregory Payne,murphykeith@example.com
207,Brian Pollard,bellmelody@example.com
208,Cory Powell,guy12@example.org
209,Johnny Wolfe,christinewilliams@example.com
210,Brenda Wilson,annacox@example.net
211,Bradley Walters,john32@example.org
212,Amy Hull,michaelmartin@example.org
213,Betty Bailey,anitacaldwell@example.net
214,Thomas Martinez,mckenzierobinson@example.com
215,Patricia Mccormick,thomassmith@example.org
216,Jordan Liu,rmendez@example.net
217,Angela Brown,lanelisa@example.com
218,Cynthia Kidd,zramos@example.org
219,Jonathan Williams,braylisa@example.net
220,Gina Sellers,douglas46@example.net
221,Mrs. Diana Morris,heidi35@example.net
222,Cynthia Oliver,joshua08@example.net
223,Andrew Morris,justin57@example.com
224,Jonathan Ibarra,boothcameron@example.org
225,Monica Hodges,pkelly@example.com
226,Thomas Mason,mark30@example.net
227,Benjamin Kline,haydentimothy@example.org
228,Curtis Newman,melanie89@example.org
229,Melissa Russo,ivan55@example.org
230,Valerie Douglas,scott90@example.com
231,Patricia Abbott,kelly26@example.com
232,David Becker,bowersmichelle@example.com
233,Dylan Reed,raymondramirez@example.net
234,Ms. Meagan Reynolds,dominguezjose@example.net
235,Dr. Nicholas Padilla,jeffreygilbert@example.org
236,Rachel Wilson,darrensanchez@example.com
237,Katrina Kennedy,dwayneking@example.com
238,Michael Davis,aaronmeyer@example.com
239,William Cunningham,steve44@example.com
240,Michael Lewis,priscilla05@example.net
241,Ryan Hoover,stanleyroy@example.com
242,Mary Humphrey,danielle53@example.net
243,Thomas Reyes,peter46@example.org
244,Jessica Graham,kramerjustin@example.org
245,Holly Watkins,ashleyhanson@example.com
246,Daniel Charles,pbrock@example.com
247,Michael Garcia,igonzalez@example.com
248,Nicholas Bolton,hhinton@example.org
249,Kylie Smith,nmeyer@example.org
250,Gregory Aguilar,michelle95@example.net
251,Kaitlyn Lee,lisacook@example.net
252,Michael Lewis,ilawson@example.org
253,Sarah Lee,jesse24@example.com
254,Tyrone Fitzgerald,steventran@example.org
255,Michael Jones,shaneyoder@example.net
256,Brett Moore,wmoran@example.com
257,Ashley Dyer,wmoreno@example.com
258,Steven Smith,gregoryphilip@example.org
259,Shawn Parks,haynesmichael@example.org
260,James Brown,guerrerotyler@example.org
261,Lauren Miller,kroach@example.com
262,Stacy Terry,owilliams@example.org
263,Christina Davis,cynthiabrooks@example.net
264,Kimberly Harrell,riceelizabeth@example.com
265,Keith Davis,williamsanders@example.org
266,Anthony Wright,ymcneil@example.com
267,Tammy Harrison,thompsonricardo@example.org
268,Mrs. Amanda Davis,rperry@example.com
269,Julie Park,obowman@example.net
270,Don Wallace,melissa33@example.net
271,Megan Miller,combsjeffrey@example.com
272,David Rogers,kimhenson@example.net
273,Olivia Hunter,rebeccamartinez@example.net
274,Brian Jackson,tgentry@example.com
275,Joshua Esparza,monicasanchez@example.com
276,Benjamin Bowman,andre58@example.org
277,Sonya Davis,pstone@example.net
278,Jamie Lopez,ryan60@example.com
279,Patrick Smith,scott69@example.com
280,Lindsay Cole,christopher98@example.com
281,Cheryl Christensen,frederickmartin@example.com
282,Brenda Clark,lopezbeth@example.com
283,Christina Mcguire,gibsoncalvin@example.net
284,Phyllis George,veronicasmith@example.net
285,Anne Glenn,chelseyweber@example.com
286,Carrie Crawford,vdeleon@example.net
287,Gregory Michael,barnettbradley@example.org
288,Samantha Clark,christopher38@example.org
289,Matthew Chang,doneal@example.net
290,Suzanne Estrada,emily92@example.com
291,Christopher Mclean,rebecca13@example.org
292,Elizabeth Conley,robertgray@example.org
293,Craig Sheppard Jr.,holderbryan@example.net
294,John Faulkner,suarezjoel@example.org
295,Joseph Murillo,newmanroy@example.org
296,Brittany Williams,ccowan@example.net
297,Austin West,eric37@example.com
298,Jesse Smith,eric25@example.org
299,Amanda Rodriguez,cjohnson@example.com
300,Ashley Jackson,xjefferson@example.com
301,Donald Meyer,janetwatkins@example.net
302,Steven Hunter,mendezmatthew@example.org
303,Tommy Ortiz,bryanpatterson@example.net
304,Kathleen Newton,cgraham@example.org
305,Ashley Bowers,imcdonald@example.com
306,Teresa Mccarthy,mitchellamy@example.org
307,Sonya Dawson,robertsgrant@example.org
308,Austin Hall,heidi23@example.org
309,James Adams,susanthompson@example.org
310,James Greer,brichards@example.org
311,Billy Wilkinson,lindsaykeith@example.net
312,Michael Martinez,jennifer47@example.net
313,Susan Price,aaron40@example.com
314,Heather Garrison,carloshunter@example.net
315,Melissa Little,jaime62@example.org
316,Terry Ross,edwardsedward@example.com
317,Keith Crawford,sarahhickman@example.net
318,Michael Miller,shirley34@example.org
319,Steven Oliver MD,thomas37@example.org
320,Donna Parker,qrogers@example.com
321,Cynthia Wheeler,anthonywade@example.net
322,Rebekah Park,holtheather@example.com
323,Jeff Jimenez,harriskevin@example.org
324,Theresa Schultz,bmartinez@example.org
325,Megan Levine,bridget31@example.org
326,Thomas Gutierrez,jerry38@example.net
327,Jonathan Combs,donna64@example.net
328,Christina Pittman,anthonylarsen@example.org
329,Allison Ewing,briansmith@example.com
330,Tiffany Allen,tylerfritz@example.org
331,Jaime Rhodes,ymurphy@example.org
332,Robert Nolan,ipowell@example.org
333,Francisco Bailey,rromero@example.com
334,Jeffrey Rodriguez,alejandrawatson@example.org
335,Cynthia Wood,sherry19@example.com
336,Carolyn Crawford,mariatodd@example.net
337,Joshua Ortiz,ashleytorres@example.net
338,Laura Williamson,gfields@example.net
339,Benjamin Hays,tammymeyer@example.org
340,Paul Farley,jenny11@example.com
341,Sarah Li,qperez@example.org
342,Anna Guerrero,joneskristina@example.org
343,Rebecca Huff,qshepherd@example.org
344,Katherine Smith,matthew98@example.com
345,Douglas Hodges,markrobinson@example.org
346,Debbie Beck,smithbrian@example.com
347,Robert Lucas,christopherestes@example.com
348,Kristy Strickland,lewisbarbara@example.net
349,Mr. Matthew Gonzalez,vasquezdaniel@example.net
350,Larry Shaw,michaellopez@example.com
351,Justin Roberts,lucasdestiny@example.net
352,Daniel Kline,nstone@example.org
353,Robin Daniel,oclayton@example.com
354,Robert Robinson,sarahstevenson@example.com
355,Terri Allison,kathryn75@example.com
356,Erin Moody,dixonandrew@example.com
357,Johnathan Hoover,adamhernandez@example.net
358,Tim Hall,berrymichael@example.org
359,Nicole Ellis,angel09@example.org
360,Amy Harris,sean18@example.net
361,Stacey Whitney,joseph63@example.org
362,Michael Chang,deborah26@example.com
363,Katie Bruce,debraschneider@example.com
364,Melanie Christian,tony50@example.org
365,Nicole Moore,hallen@example.net
366,Roger Weber,jamesgillespie@example.com
367,Lisa Garrison,stokescharles@example.org
368,Lisa Brown,brandtnicholas@example.org
369,Richard Quinn,aguilaramanda@example.com
370,James Frank,cnelson@example.net
371,Donna Duncan,evelyn41@example.com
372,Jennifer Kelly,xpatterson@example.com
373,Garrett Rodriguez,tyler23@example.net
374,Michelle Duran,allison00@example.org
375,Sherry Anderson,natashahill@example.org
376,David Bradley,brandonmartin@example.org
377,Jessica Thompson,castanedajesse@example.org
378,Karen Ruiz,jeffrey10@example.net
379,Denise Turner,rcollier@example.org
380,Danielle Baker,bweber@example.com
381,Brenda Ortiz,xyork@example.com
382,Travis Potts,austinhernandez@example.org
383,Garrett Hebert,mbarr@example.net
384,Tracy Diaz DVM,hmorales@example.org
385,Lisa Smith,stacyvance@example.org
386,Joshua Kent,taylorkenneth@example.org
387,Jeffery Sherman,yjackson@example.org
388,Victoria Krause,kimcraig@example.org
389,Cynthia Kim,smithanthony@example.org
390,Tara Stokes,srobinson@example.com
391,Logan Rodriguez,wilsontammy@example.com
392,Justin Martinez,regina17@example.net
393,Timothy Gross,caldwellralph@example.org
394,Amanda Hill,michaelstevenson@example.net
395,Jody Baker,ortizbobby@example.net
396,Brandon Cook,jfuller@example.org
397,Dennis Vazquez,mistylynch@example.net
398,Brent Nelson,donnahoward@example.net
399,Ashley Kelly,michael95@example.com
400,Mitchell Conner,pwang@example.com
401,Connie Nelson,candacequinn@example.net
402,Sarah Morris,cburgess@example.com
403,Hannah Rose,umoore@example.net
404,Ellen Moore,amymorris@example.com
405,Antonio Salinas,deborahrobinson@example.net
406,Joseph Richardson,andersonstacey@example.com
407,Daniel Moss,taragolden@example.org
408,Michelle Stephens,tortiz@example.org
409,Michael Whitehead,fieldsrichard@example.org
410,Zachary Moreno,sotothomas@example.org
411,James Sanchez,marywood@example.org
412,Crystal King,garzamichael@example.com
413,Greg Sutton,steven83@example.com
414,Kimberly Mcneil,vincentdelgado@example.com
415,John Martinez,sean02@example.com
416,Jesse Johnson,ashley27@example.net
417,Stephanie Brown,bryan15@example.net
418,Karen Jordan,yjohnson@example.org
419,Laura Hanson,cgonzalez@example.com
420,Mathew Carter,eileenhernandez@example.com
421,Donna Wilkins,tiffany64@example.org
422,Mario Stevenson,frederick84@example.org
423,Anne Price,mortonamy@example.org
424,Brittany Jones,ericksonmeghan@example.com
425,Rachel Gill,john98@example.org
426,Donna Le,cstuart@example.org
427,Kelly Hale,clarklisa@example.net
428,David Holloway,amandajones@example.org
429,Tammy Hansen,brandon99@example.com
430,Kevin Foster,mary75@example.net
431,Amy Griffin,bonnieharris@example.org
432,Gwendolyn Daniels,tiffany70@example.org
433,Timothy Floyd,josephlewis@example.com
434,Christopher Anderson,owenarthur@example.com
435,Cheryl French,justin79@example.net
436,Austin Jackson,jonathan00@example.com
437,Marie Kemp,gregory61@example.net
438,Jason Acosta,sandovalvictoria@example.org
439,Damon Porter,hopamela@example.org
440,Victoria Washington,shawn52@example.com
441,Erin Smith,dawnjackson@example.org
442,Alison Taylor,tscott@example.org
443,Michael Wright,caseysarah@example.com
444,Debra Yates,connierice@example.com
445,Ashley Miller,maria36@example.net
446,Diane Wood,nancy89@example.com
447,Ashley Vaughn,fosterjennifer@example.net
448,Carol Castro,cookaaron@example.com
449,Christopher Thomas,icooke@example.org
450,Perry Henry,zwashington@example.net
451,Tami Zimmerman,ruizpatricia@example.net
452,Matthew Carney,aaronparker@example.com
453,Travis Chung,brownluis@example.net
454,Victoria Hughes,blamb@example.net
455,Christopher Griffin,ecain@example.net
456,Abigail Middleton,adam38@example.com
457,Christine Bartlett,jasmine79@example.org
458,Brittany Thomas,fmartinez@example.net
459,Richard Sanchez,munozdennis@example.com
460,Amy Cox,ebullock@example.org
461,Matthew Taylor,cannonmatthew@example.org
462,Jenny Brown,powelllisa@example.net
463,William Rivera,jennybrown@example.org
464,Lindsey Hickman,julia18@example.org
465,Jennifer Torres,balvarado@example.org
466,Brenda Young,campbellbilly@example.net
467,Brandon Juarez,stevensderrick@example.com
468,Todd Joyce,caldwellemily@example.org
469,Regina Rodriguez,milleredwin@example.org
470,Kerry Valdez,barbara28@example.org
471,Lucas Lewis MD,jacqueline69@example.org
472,Kurt Anderson,pfoster@example.org
473,Mia Gonzalez,nmills@example.com
474,Matthew Mata,aaronjackson@example.com
475,Lawrence Hernandez,heather53@example.org
476,Nichole Miller,robersonadrienne@example.org
477,Stephanie Frazier,cynthiasantos@example.com
478,Russell Cook,jonathanleonard@example.com
479,Edward Montgomery,mary90@example.org
480,Jason Reid,mthornton@example.org
481,Jeffrey Baldwin,kevinphillips@example.net
482,James Hughes,tenglish@example.net
483,Brenda Schultz,thomasmartin@example.net
484,Scott Brewer,shortcaleb@example.net
485,Christopher Brown,bwilliams@example.net
486,Donald Terry,bwatson@example.com
487,Nancy Medina,thomasstephen@example.net
488,Andre Cooley,jacoblewis@example.com
489,Sarah Mccall,zharrison@example.net
490,James Reed,nicole52@example.com
491,Diane Johnson,kathyfitzgerald@example.org
492,Benjamin Hess,zcisneros@example.org
493,Stephanie Porter,johnsonchristina@example.org
494,Mary Reese,sherrysanchez@example.net
495,Christian Perry,garyjohnson@example.net
496,Kyle Schmidt,schmidtlindsey@example.org
497,Steven Thomas,mollyweaver@example.com
498,Timothy Clements,gary30@example.org
499,Patricia Green,froberts@example.net
500,Brittney Fischer,tylersusan@example.net
501,Allen Coleman,gonzaleskevin@example.org
502,Gerald Hall,cbaird@example.com
503,Bethany Lynch,treeves@example.org
504,James Baker,logan55@example.net
505,Timothy Murphy,william86@example.com
506,Vanessa Hall,rebeccagray@example.org
507,William Wallace,justin46@example.org
508,Robert Frank,cross@example.net
509,Mary Orr,yvonnebrown@example.org
510,Aaron Saunders,rhonda97@example.com
511,Kathryn Thompson,sharon51@example.org
512,Jared Park,jacobrogers@example.net
513,Matthew Haynes,millstracy@example.com
514,Ryan Serrano,tiffanystrickland@example.org
515,Erik Freeman,allenkatrina@example.net
516,Casey Martin,tylerpeterson@example.org
517,Michael Burns,lisapierce@example.net
518,Jonathan Pena,akelley@example.com
519,Nicholas Goodwin,bwalters@example.com
520,Samuel Pearson,martinezkyle@example.com
521,Brett Hawkins,gmurphy@example.com
522,Tyler Patel,jeffreyrussell@example.net
523,Marcus Miller,carpentermichael@example.org
524,Jonathan Morgan MD,karen70@example.net
525,Phillip Hunter,gina66@example.com
526,Emily Brown,crystal30@example.com
527,Jacqueline Garza,cschultz@example.org
528,Maureen Hill,jeffrey52@example.com
529,Joanne Braun,kellerpeter@example.net
530,Kaitlyn Dunlap,andersonsara@example.net
531,Patrick Simmons,qwheeler@example.org
532,David Pearson,kcooper@example.org
533,Peter Black,hkelly@example.net
534,Brenda Reed,leemegan@example.net
535,Brandon Lane,bdickson@example.com
536,Raymond Butler,christensenmark@example.net
537,Don Mcclure,schroederdaniel@example.org
538,Kirsten Young,youngjasmine@example.net
539,Joanna Harper,kimberlymyers@example.org
540,William Ford,andreacardenas@example.com
541,Latasha Jenkins DDS,rodriguezbriana@example.org
542,Ryan Mcclure,francisdaniel@example.net
543,Mary Johnson,carriemoore@example.net
544,Jennifer Mitchell,tylerkelly@example.com
545,Peggy Mata,copelandjeffrey@example.com
546,Jorge Booth,duartejesse@example.com
547,Joel Williamson,rogerhiggins@example.com
548,Edward Garcia,joshuamedina@example.com
549,Jason Sutton,joshuastanley@example.org
550,Donna Hayes,jamie69@example.org
551,Tommy Spencer,moorejeffrey@example.com
552,Lisa Villa,johnsonchristian@example.net
553,Jonathan Wright,nsmith@example.com
554,Kayla Gregory,williamlee@example.org
555,Nancy Forbes,rose11@example.net
556,Debra Chang,leslie57@example.net
557,William Franklin,lauradaniels@example.com
558,Justin Martinez,kristen12@example.org
559,Monica Vargas,rita63@example.org
560,Heather Newton,halltrevor@example.net
561,Elizabeth West,mlee@example.org
562,Andrew Reynolds,kelsey62@example.org
563,Cassandra Meyers,sean45@example.net
564,Charles Garza,gilesstephen@example.org
565,Randall Villanueva,youngdanny@example.com
566,Cristina Fitzpatrick,robbinsjennifer@example.org
567,Norman Pierce,elizabeth94@example.org
568,Brenda Williams,lcarroll@example.org
569,Bridget Nelson,huntjoshua@example.net
570,Ian Davis,christinesherman@example.org
571,Elizabeth Thomas,wolson@example.com
572,Sarah Gomez,jimenezjustin@example.com
573,Donald Simmons,johnpotter@example.org
574,Janet Parker,rebeccamorgan@example.org
575,Louis Walls,pamelabrown@example.org
576,Linda Gill MD,laurenlopez@example.com
577,William Collins,housesamantha@example.net
578,Gabrielle Hines,janice22@example.com
579,Kevin Williams,sgarrett@example.org
580,Tammy Mora,harold56@example.net
581,Melinda Brown,alopez@example.com
582,Natasha Hanson,tyler51@example.net
583,Kathryn Schneider,noah04@example.net
584,Heather Ramirez,ybutler@example.org
585,Benjamin Reynolds,john64@example.org
586,Rebecca Lowery,urios@example.org
587,Melanie Garcia,pmyers@example.org
588,Victoria Pearson,shawdonna@example.org
589,Devin Wood,srodriguez@example.org
590,Adam Turner,crawforddavid@example.net
591,John Russell,john62@example.org
592,Jeffrey Daniels,morristhomas@example.org
593,Adam Williams,ychavez@example.org
594,Christopher Williams,mwilliams@example.net
595,Linda Smith,eneal@example.net
596,Marcus Kidd,tdorsey@example.com
597,Andrew Harris,zwilliams@example.net
598,Richard Berry,laura99@example.net
599,Jeanne Berry,jeffery09@example.com
600,Justin Ramirez,torreswilliam@example.org
601,Andrew Landry,joshuaclark@example.net
602,Tyler Holland,jamesphelps@example.org
603,Michael Perez,gyoder@example.com
604,Richard Payne,amandale@example.com
605,Lisa Franklin,ballardjason@example.com
606,Kathryn Perry,warnerdanielle@example.net
607,Susan Walker,kluna@example.net
608,Jordan Randall,mgarza@example.net
609,Jose Warren,carlsonryan@example.com
610,Dana Cunningham,parkcarol@example.com
611,Patrick King,benderdana@example.net
612,Matthew Rodriguez,ybryant@example.org
613,Tiffany Harrington,baldwineric@example.com
614,Rachel Hancock,thomas48@example.net
615,Ryan Thompson,marybrown@example.com
616,Adrian Bender,jacob27@example.net
617,William Stanton,sharon23@example.org
618,Christina Baker,robertmason@example.com
619,Joseph Miller,andrewcortez@example.net
620,Carol Perry,ybenjamin@example.org
621,John Davis,kdunn@example.com
622,Jennifer Rodriguez,esmith@example.net
623,Ashley Jones,matthewwolfe@example.com
624,Amanda Moore,ryan67@example.net
625,Cameron Moore,snyderpatricia@example.com
626,Andrew Martin Jr.,jamesforbes@example.com
627,Joy Meyer,kristengonzales@example.com
628,Mr. Jason Taylor,ofoster@example.net
629,Jason Rodriguez,greg95@example.org
630,Christopher Potter,jade22@example.org
631,Emma Flores,dawnherrera@example.com
632,George Sullivan,taylorjennifer@example.org
633,Scott Andrade,mitchellaustin@example.com
634,Danielle Lopez,joseph49@example.net
635,John Mullen,ewatson@example.org
636,Jeffrey Woodard,jtucker@example.net
637,Robert Gilbert,donnamoyer@example.net
638,Peggy Hansen,obest@example.net
639,Patricia Evans,jennifer28@example.com
640,Charlene Daniels,catherine76@example.org
641,Timothy Alvarez,brittany97@example.net
642,Kathleen Martin,marybeard@example.net
643,Joyce Rowe,monicamoreno@example.net
644,Terry Welch,harriskimberly@example.com
645,Linda Lloyd,bhall@example.org
646,Joseph Bridges,danielle10@example.com
647,Jessica Campbell,xmitchell@example.org
648,Danielle Frye,basspaul@example.net
649,Susan Frazier,wsmith@example.com
650,James Martinez,hreeves@example.com
651,Lawrence Marshall,hjohnson@example.com
652,Connie White,gregory43@example.org
653,Nicole Kerr,boltonroy@example.org
654,Michael Knight,joshua50@example.com
655,Stacy Alexander,catherineporter@example.com
656,Dana Henderson,chelsey54@example.org
657,Tammy Melton,sarahpatterson@example.org
658,Jacob Daniels,xlewis@example.com
659,Monica Turner,fallen@example.com
660,Sandra Ray,carterdanielle@example.org
661,Jennifer Walsh,wendywilliams@example.org
662,Mary Fields,khanaudrey@example.org
663,Ronald Singh Jr.,cwhite@example.org
664,Charles Swanson,ewarren@example.org
665,Willie Miller,thomasryan@example.com
666,Lauren Jones,daisy70@example.com
667,Michael White,sshaw@example.org
668,Christopher White,tammy90@example.com
669,Colleen Hernandez,ericbarnes@example.net
670,Kyle Smith,kyle65@example.net
671,Lori Evans DVM,crawforddonna@example.com
672,Emily Scott,wigginschelsea@example.org
673,James Silva,markrivas@example.com
674,Sara Smith,qstone@example.com
675,Keith Macias,michelle21@example.com
676,Michael Nguyen,markgonzalez@example.net
677,Christopher Bond,leonmatthew@example.net
678,Christina Vasquez,stevenhenry@example.org
679,James Kennedy,christianmichael@example.net
680,Patricia Robinson,tonya29@example.com
681,Carol Miller,kevin35@example.org
682,Adam Wright,christinahernandez@example.org
683,Andrea Flores,bjenkins@example.org
684,Michael Martin,alexanderlisa@example.net
685,Sarah Stewart,coxmarcus@example.com
686,Lindsey Evans,johnthompson@example.com
687,Breanna Porter,stevennelson@example.org
688,Erin Hernandez,nkeller@example.com
689,James Hunt,andrewsjerome@example.org
690,Hannah Schultz,hhernandez@example.org
691,Kathryn Neal,fisherjames@example.com
692,Jennifer Rodriguez,zacharylawson@example.org
693,John Brady,michaeltownsend@example.net
694,Timothy Curry,xbrandt@example.org
695,David Bennett,ryan17@example.net
696,Victoria Diaz MD,sheilawatts@example.net
697,Victor Spence,angela97@example.com
698,Luke Smith,christine76@example.org
699,Nicole Ramirez,gracemccall@example.com
700,Jonathan Miller,vortiz@example.org
701,Joseph Abbott,jessica20@example.org
702,Wayne Gaines,ramirezshane@example.net
703,Eric Quinn,gcox@example.net
704,Erica Porter,rhondawhite@example.com
705,Karen Becker,derek88@example.com
706,Lauren Robinson,kimberlypatterson@example.net
707,Emily Bradley,shannon12@example.net
708,Diane Andrews,jesus45@example.com
709,Samuel Chavez,jeanettehardin@example.net
710,Yesenia Contreras,rjordan@example.net
711,Charles Freeman,sorr@example.net
712,Joel Briggs,robert48@example.net
713,Tara Taylor,lvalenzuela@example.com
714,Mindy Wiley MD,xavier66@example.org
715,Randall Taylor,eddie17@example.net
716,Emily Byrd,jjordan@example.org
717,Mia Parrish,deborahperkins@example.net
718,Angel Parker,mlee@example.net
719,Fred Foster,gregory96@example.net
720,Donna Barber,pbell@example.net
721,Renee Bates,lauren71@example.com
722,Dr. Cynthia Mccormick,amygallegos@example.org
723,Peter Mccann,jeffrey23@example.com
724,Mark Hubbard,pruittdavid@example.com
725,Sara Smith,chase89@example.net
726,John Adams,andrea95@example.org
727,Johnny Miranda,melissagarcia@example.com
728,Jared Lee,rachel77@example.com
729,Christine Miller,angelatorres@example.com
730,Alicia Johnson,jose04@example.com
731,Dustin Waters,kenneth41@example.com
732,Tracy Myers,boothbrett@example.net
733,Jennifer Beasley,uanderson@example.org
734,Rebecca Jimenez,jeremymartinez@example.com
735,Christopher Zavala,mike09@example.com
736,David Williams,cstewart@example.net
737,Tammy Fowler,troyhayes@example.net
738,Elizabeth Marsh,deborahevans@example.org
739,James Hunt,ulopez@example.com
740,Joshua Mason,usandoval@example.net
741,Rebecca Anthony,slandry@example.com
742,John Bell,angelachambers@example.net
743,Michael Estrada,thomas07@example.org
744,Jimmy Camacho,fbailey@example.org
745,Dennis Allen,pricejohn@example.net
746,Nicholas Smith,reneedowns@example.com
747,Keith Costa,shatfield@example.net
748,Jeremy Edwards,lauramata@example.com
749,Thomas Diaz,cynthiaaustin@example.net
750,James Hunt,adamstravis@example.net
751,Matthew Obrien,ypayne@example.com
752,Matthew Stokes,kristysmith@example.com
753,Alexis Jones,ashley58@example.org
754,Heather Bennett,kgrimes@example.com
755,Mrs. Shannon Medina,walkerdavid@example.org
756,Steven Burns,williamsmelissa@example.org
757,Stephanie Bryant,wheelertimothy@example.org
758,Alexa Davis,jonathon64@example.com
759,Reginald Mcfarland,lcaldwell@example.org
760,Veronica Jones,brooke40@example.org
761,Zachary Hill,iancarlson@example.org
762,Mike Thomas,jpratt@example.net
763,Michael Bryant,thomas48@example.org
764,Maria Thompson,robinsonisaac@example.org
765,Christine Robertson,amy52@example.net
766,Steven Johnson,garciajennifer@example.com
767,Leah Garcia,ygalvan@example.com
768,Justin Blanchard,hjackson@example.net
769,Andrew Lee,glenda45@example.net
770,Adam Gregory,roblesjennifer@example.org
771,Ms. Jessica Simon DVM,hthompson@example.org
772,Robert Schwartz,jgreer@example.com
773,Christopher White,coxnicole@example.net
774,Timothy Brown,cynthia29@example.org
775,Mark Brown,qhawkins@example.com
776,Brenda Boone,nicolehudson@example.com
777,Olivia Bolton,rvaughn@example.com
778,Angela Vang,fsmith@example.com
779,Mark Alvarez,jeffreyrichardson@example.net
780,David Sanchez,dgreer@example.com
781,Bryan Martin,harristamara@example.org
782,Katie Smith,parktheresa@example.com
783,Stephen Burnett,farrelldaniel@example.org
784,Michael Johnson,angela66@example.com
785,Ashley Vasquez,jacob32@example.org
786,Lori Harris,proctorbrittany@example.com
787,Krystal Lawson,gibbsmichael@example.com
788,Lauren Ruiz,isaachamilton@example.org
789,Steven Richardson,jeremy27@example.net
790,Daniel Farley,kimberlywhite@example.net
791,Carlos Myers,ujenkins@example.net
792,Cynthia Scott,hduke@example.org
793,Regina Sexton,ajohnson@example.org
794,Darrell Cole,wallacejennifer@example.net
795,Manuel Ferrell,juliestewart@example.org
796,April Aguilar,clarkemark@example.org
797,Danny Davidson,eugenearmstrong@example.com
798,Gary Grimes,eross@example.org
799,Jonathon Johnson,dsantos@example.com
800,Mr. Joshua Williams Jr.,lance59@example.net
801,James Burns,smithkelly@example.net
802,Brittany Bowman MD,heather55@example.com
803,Marilyn Roth,cdavis@example.org
804,Elizabeth Hansen,michelle62@example.net
805,Joshua Salas,brettruiz@example.org
806,Heidi Hernandez,victoria36@example.com
807,Jeffrey Peck,jill93@example.org
808,Meagan Wagner,davissharon@example.org
809,Samuel Peterson,diazkelsey@example.org
810,Joshua Parker,qowens@example.net
811,Brandon Bennett,harrissandra@example.net
812,Alejandra Graham MD,dhart@example.net
813,Tiffany Franklin,gfernandez@example.org
814,David Johnson,ylarson@example.org
815,Alexis Harvey,hillmichelle@example.net
816,Timothy Webb DDS,angelica28@example.com
817,Alejandro Jones,lesliecrawford@example.net
818,Michael Davidson,pamelaramirez@example.net
819,Dylan Douglas,annekent@example.org
820,Michael Moore,joshuashaw@example.net
821,Charles Scott,washingtonjustin@example.net
822,Angela Watkins,lthomas@example.net
823,Rachel Torres,xavier64@example.net
824,Gina Moore,heatherbrown@example.org
825,Robert Bailey,leejennifer@example.com
826,Lucas Cunningham,staffordandrew@example.org
827,Michelle Shields,oliviamiddleton@example.net
828,Brandon Santana,jennifer36@example.net
829,Nathaniel Grant,hesterruben@example.net
830,William Holloway,castillofrancisco@example.org
831,Nancy Schmidt,kelsey85@example.net
832,Deborah Ramirez,gschneider@example.com
833,Dustin Wong,michael60@example.net
834,Erin Goodwin,myoder@example.com
835,Erica Sanchez,carlymyers@example.net
836,Tracey Baker,robinsonjohn@example.com
837,Rebecca Brown,qoconnor@example.org
838,Brian Ross,jennywilson@example.org
839,Daniel Nixon,patrickbarry@example.net
840,Michael Giles,vnelson@example.com
841,Monique Jones,david58@example.com
842,Tracy Smith,sstevens@example.net
843,Jacob Pierce,jesusmcmahon@example.com
844,Lisa Hahn,wallsdustin@example.net
845,Brian Hall,amanda96@example.org
846,Desiree Craig,gonzalezsonya@example.org
847,Dr. Andrea Bowen,jmueller@example.com
848,Craig Mcclure,moyersarah@example.com
849,Todd Obrien,rhansen@example.net
850,Arthur Evans,anne35@example.org
851,Jaime Cole,steven88@example.org
852,Micheal Frye,burkechristopher@example.net
853,Christina Smith,matthewhenderson@example.net
854,Haley Freeman,rebecca54@example.net
855,Amanda Stout,charlesjenkins@example.com
856,Amber Hodge,millerkathryn@example.net
857,Katherine Stone,fowleranne@example.org
858,Crystal Harris,zachary12@example.com
859,James Robinson,kathy57@example.org
860,Gregory Jenkins,chasewilliam@example.org
861,Monica Short,cheryl04@example.com
862,Emily Duke,justinfowler@example.com
863,Anthony Greene,annajoyce@example.org
864,Michael Bailey,hhahn@example.org
865,Matthew Harris,rebeccamiller@example.com
866,Warren Knapp,joe23@example.net
867,Dalton Evans,youngmichelle@example.net
868,Robin Estrada,kimberly26@example.org
869,Jasmine Ruiz,marshalljoe@example.com
870,Tamara Mccoy,james28@example.net
871,Nathan Hill,kennethsmith@example.net
872,Dennis Pennington,yvonne58@example.com
873,Amanda Chapman,harriskatie@example.com
874,Mackenzie Jenkins,lauren37@example.net
875,David Lucas,jose61@example.com
876,Jennifer Green,martinezsarah@example.net
877,Daniel Jackson,lskinner@example.org
878,Kyle Gordon,shirley03@example.net
879,Anthony Brown,mitchellfrench@example.com
880,Timothy Fletcher,njackson@example.org
881,Joseph Butler,wellstiffany@example.com
882,Kaylee Williamson,brandall@example.com
883,Jessica Smith,timothyhaas@example.com
884,Johnny Ruiz,kclayton@example.net
885,Victoria Young,mcgeeangelica@example.net
886,Lisa Sherman,rmaldonado@example.com
887,Robert Lopez,owilson@example.org
888,Kelly Williams,fcox@example.net
889,Timothy Sanders,matthew82@example.org
890,Samantha Johnson,anthony67@example.net
891,Lori Kline,franklinbarry@example.net
892,Craig Hall,hallashley@example.com
893,Tracy Bradley,csnyder@example.org
894,Carla Johnson,robertahopkins@example.org
895,Shelley Holmes PhD,knappjasmine@example.net
896,Taylor Simon,michael80@example.net
897,Alice Rodgers,christophertran@example.org
898,Justin Smith II,jennyjohnston@example.org
899,Samuel Berry,bowerseric@example.org
900,Brianna Strickland,peter02@example.net
901,Russell Snyder,james32@example.org
902,Robert Miller,jasonhunt@example.org
903,Brenda Russo,oallen@example.org
904,Henry Welch,josephjimenez@example.com
905,Jason Anderson,xprice@example.org
906,Kathy Goodman,wallsshane@example.net
907,Samantha Krause,greengrant@example.org
908,Jennifer Perez,sscott@example.org
909,Brandon Martin,aross@example.net
910,Michael Patel,lzamora@example.net
911,James Garcia,vasquezjulia@example.net
912,Gregory Thomas,nicholasrios@example.com
913,Amanda Ponce,moralesdonna@example.com
914,Dr. Ryan Smith,tiffany21@example.com
915,Michael Carter,yhill@example.org
916,Kelsey Glover,cwilliams@example.com
917,Kevin Bryant,gcarey@example.com
918,Maria Lopez,joshua49@example.org
919,Holly Dean,gabrielhayes@example.net
920,Leslie Parrish,sotorachel@example.com
921,Christopher Cox,ellen65@example.com
922,Todd Williams,marthamcknight@example.net
923,Bryan Sanford,wellserin@example.net
924,James Sweeney,kelly04@example.org
925,Edward Holmes,russolaura@example.org
926,Angela Park,angelasmith@example.com
927,Emily Zavala,darren72@example.org
928,Joseph Ferguson,thodges@example.com
929,Paula Hensley,gmontgomery@example.net
930,Barbara Smith,cynthia15@example.com
931,Anthony Jones,stanleyharris@example.com
932,Victoria Watts,ycole@example.com
933,Mary Mitchell,wendyjuarez@example.org
934,Ethan Smith,qhall@example.com
935,Tiffany Andrews,hectorpalmer@example.org
936,Catherine Gibson,kyle13@example.org
937,Derek Arroyo,charleschan@example.net
938,Jennifer Fisher,jamesandersen@example.net
939,Evelyn Williams,nmonroe@example.net
940,Dustin Johnson,dsandoval@example.org
941,Jordan Peterson,lgonzalez@example.org
942,Jacob Woods,crystalharris@example.org
943,Lucas Miller MD,scontreras@example.org
944,Nathan Hernandez,kathleen07@example.com
945,Mary Carter,john36@example.org
946,Gary Russo,kelleysherri@example.net
947,Jim Brown,howardtyler@example.net
948,Joshua Oconnell,annsmith@example.net
949,Christopher Mcdaniel,ianderson@example.org
950,Justin Johnson,masondouglas@example.net
951,Bridget Rodriguez,nwilson@example.net
952,Jill Hicks,matthewmiller@example.com
953,Donald Barnes,lcooper@example.net
954,Theresa West,racheleaton@example.org
955,Renee Edwards,jamie81@example.org
956,Steven Bishop,thorntonbradley@example.com
957,Micheal Colon Jr.,abest@example.org
958,Scott Brown,anitahardy@example.net
959,Gerald Deleon,rachaelfields@example.com
960,Mark Huff,carsonlauren@example.com
961,Kayla Foster,riddlerichard@example.org
962,Sheryl Pope,qfowler@example.org
963,Katherine Nelson,otate@example.org
964,Andrea Wyatt,pamela05@example.org
965,Rebecca Duffy,benjamin38@example.net
966,Mr. Nathaniel Coleman,qyoung@example.com
967,Emily Johnson,ramosshawna@example.net
968,George Anderson,derrickgardner@example.net
969,Shannon Moon,rboone@example.com
970,David Adams,charles52@example.net
971,Richard Thompson,angelarobinson@example.org
972,John Baker,christopher93@example.org
973,Brandon Nunez,leeclinton@example.com
974,David Walsh,robertanthony@example.com
975,Lisa Bell,danielvillegas@example.com
976,Abigail Elliott,amberhernandez@example.org
977,Jose Wood,hardingzachary@example.org
978,Jennifer Johnson,gonzalezgary@example.net
979,Emily Beck,gabrielburgess@example.net
980,Kathleen Johnson,amberkennedy@example.net
981,Steve Ferguson,ualexander@example.org
982,Kristin Walker,michael17@example.net
983,Amanda Andrews,andrewjohnson@example.org
984,Shannon Weeks,awest@example.net
985,Joseph Spencer,elizabethruiz@example.net
986,Gordon Ruiz,opeterson@example.com
987,Angela Glass,kgonzales@example.com
988,Paula Lynch,matthew27@example.net
989,Lindsay Moore,sarahgonzales@example.net
990,Darlene Daniel,payneriley@example.net
991,Stephen Estrada,yangfrancisco@example.net
992,Dominic Ray,morganvictoria@example.net
993,Mark Warren,george98@example.com
994,Angel Anderson,ywilliams@example.net
995,Christopher Edwards,uwebster@example.org
996,Emily Robinson,jamesanderson@example.com
997,Ryan Ford,anthony30@example.org
998,Frank Johnson,lhenderson@example.net
999,Lisa Leonard,ygraham@example.org
1000,Frank Lamb,gbarnett@example.org
